filename,label
Anthracnose/An1.jpg,Anthracnose
Anthracnose/An10.jpg,Anthracnose
Anthracnose/An100.jpg,Anthracnose
Anthracnose/An101.jpg,Anthracnose
Anthracnose/An102.jpg,Anthracnose
Anthracnose/An103.jpg,Anthracnose
Anthracnose/An104.jpg,Anthracnose
Anthracnose/An105.jpg,Anthracnose
Anthracnose/An106.jpg,Anthracnose
Anthracnose/An107.jpg,Anthracnose
Anthracnose/An108.jpg,Anthracnose
Anthracnose/An109.jpg,Anthracnose
Anthracnose/An11.jpg,Anthracnose
Anthracnose/An110.jpg,Anthracnose
Anthracnose/An111.jpg,Anthracnose
Anthracnose/An112.jpg,Anthracnose
Anthracnose/An113.jpg,Anthracnose
Anthracnose/An114.jpg,Anthracnose
Anthracnose/An115.jpg,Anthracnose
Anthracnose/An116.jpg,Anthracnose
Anthracnose/An117.jpg,Anthracnose
Anthracnose/An118.jpg,Anthracnose
Anthracnose/An119.jpg,Anthracnose
Anthracnose/An12.jpg,Anthracnose
Anthracnose/An120.jpg,Anthracnose
Anthracnose/An121.jpg,Anthracnose
Anthracnose/An122.jpg,Anthracnose
Anthracnose/An123.jpg,Anthracnose
Anthracnose/An124.jpg,Anthracnose
Anthracnose/An125.jpg,Anthracnose
Anthracnose/An126.jpg,Anthracnose
Anthracnose/An127.jpg,Anthracnose
Anthracnose/An128.jpg,Anthracnose
Anthracnose/An129.jpg,Anthracnose
Anthracnose/An13.jpg,Anthracnose
Anthracnose/An130.jpg,Anthracnose
Anthracnose/An131.jpg,Anthracnose
Anthracnose/An132.jpg,Anthracnose
Anthracnose/An133.jpg,Anthracnose
Anthracnose/An134.jpg,Anthracnose
Anthracnose/An135.jpg,Anthracnose
Anthracnose/An136.jpg,Anthracnose
Anthracnose/An137.jpg,Anthracnose
Anthracnose/An138.jpg,Anthracnose
Anthracnose/An139.jpg,Anthracnose
Anthracnose/An14.jpg,Anthracnose
Anthracnose/An140.jpg,Anthracnose
Anthracnose/An141.jpg,Anthracnose
Anthracnose/An142.jpg,Anthracnose
Anthracnose/An143.jpg,Anthracnose
Anthracnose/An144.jpg,Anthracnose
Anthracnose/An145.jpg,Anthracnose
Anthracnose/An146.jpg,Anthracnose
Anthracnose/An147.jpg,Anthracnose
Anthracnose/An148.jpg,Anthracnose
Anthracnose/An149.jpg,Anthracnose
Anthracnose/An15.jpg,Anthracnose
Anthracnose/An150.jpg,Anthracnose
Anthracnose/An151.jpg,Anthracnose
Anthracnose/An152.jpg,Anthracnose
Anthracnose/An153.jpg,Anthracnose
Anthracnose/An154.jpg,Anthracnose
Anthracnose/An155.jpg,Anthracnose
Anthracnose/An156.jpg,Anthracnose
Anthracnose/An157.jpg,Anthracnose
Anthracnose/An158.jpg,Anthracnose
Anthracnose/An159.jpg,Anthracnose
Anthracnose/An16.jpg,Anthracnose
Anthracnose/An160.jpg,Anthracnose
Anthracnose/An161.jpg,Anthracnose
Anthracnose/An162.jpg,Anthracnose
Anthracnose/An163.jpg,Anthracnose
Anthracnose/An164.jpg,Anthracnose
Anthracnose/An165.jpg,Anthracnose
Anthracnose/An166.jpg,Anthracnose
Anthracnose/An167.jpg,Anthracnose
Anthracnose/An168.jpg,Anthracnose
Anthracnose/An169.jpg,Anthracnose
Anthracnose/An17.jpg,Anthracnose
Anthracnose/An170.jpg,Anthracnose
Anthracnose/An171.jpg,Anthracnose
Anthracnose/An172.jpg,Anthracnose
Anthracnose/An173.jpg,Anthracnose
Anthracnose/An174.jpg,Anthracnose
Anthracnose/An175.jpg,Anthracnose
Anthracnose/An176.jpg,Anthracnose
Anthracnose/An177.jpg,Anthracnose
Anthracnose/An178.jpg,Anthracnose
Anthracnose/An179.jpg,Anthracnose
Anthracnose/An18.jpg,Anthracnose
Anthracnose/An180.jpg,Anthracnose
Anthracnose/An181.jpg,Anthracnose
Anthracnose/An182.jpg,Anthracnose
Anthracnose/An183.jpg,Anthracnose
Anthracnose/An184.jpg,Anthracnose
Anthracnose/An185.jpg,Anthracnose
Anthracnose/An186.jpg,Anthracnose
Anthracnose/An187.jpg,Anthracnose
Anthracnose/An188.jpg,Anthracnose
Anthracnose/An189.jpg,Anthracnose
Anthracnose/An19.jpg,Anthracnose
Anthracnose/An190.jpg,Anthracnose
Anthracnose/An191.jpg,Anthracnose
Anthracnose/An192.jpg,Anthracnose
Anthracnose/An193.jpg,Anthracnose
Anthracnose/An194.jpg,Anthracnose
Anthracnose/An195.jpg,Anthracnose
Anthracnose/An196.jpg,Anthracnose
Anthracnose/An197.jpg,Anthracnose
Anthracnose/An198.jpg,Anthracnose
Anthracnose/An199.jpg,Anthracnose
Anthracnose/An2.jpg,Anthracnose
Anthracnose/An20.jpg,Anthracnose
Anthracnose/An200.jpg,Anthracnose
Anthracnose/An201.jpg,Anthracnose
Anthracnose/An202.jpg,Anthracnose
Anthracnose/An203.jpg,Anthracnose
Anthracnose/An204.jpg,Anthracnose
Anthracnose/An205.jpg,Anthracnose
Anthracnose/An206.jpg,Anthracnose
Anthracnose/An207.jpg,Anthracnose
Anthracnose/An208.jpg,Anthracnose
Anthracnose/An209.jpg,Anthracnose
Anthracnose/An21.jpg,Anthracnose
Anthracnose/An210.jpg,Anthracnose
Anthracnose/An211.jpg,Anthracnose
Anthracnose/An212.jpg,Anthracnose
Anthracnose/An213.jpg,Anthracnose
Anthracnose/An214.jpg,Anthracnose
Anthracnose/An215.jpg,Anthracnose
Anthracnose/An216.jpg,Anthracnose
Anthracnose/An217.jpg,Anthracnose
Anthracnose/An218.jpg,Anthracnose
Anthracnose/An219.jpg,Anthracnose
Anthracnose/An22.jpg,Anthracnose
Anthracnose/An220.jpg,Anthracnose
Anthracnose/An221.jpg,Anthracnose
Anthracnose/An222.jpg,Anthracnose
Anthracnose/An223.jpg,Anthracnose
Anthracnose/An224.jpg,Anthracnose
Anthracnose/An225.jpg,Anthracnose
Anthracnose/An226.jpg,Anthracnose
Anthracnose/An227.jpg,Anthracnose
Anthracnose/An228.jpg,Anthracnose
Anthracnose/An229.jpg,Anthracnose
Anthracnose/An23.jpg,Anthracnose
Anthracnose/An230.jpg,Anthracnose
Anthracnose/An231.jpg,Anthracnose
Anthracnose/An232.jpg,Anthracnose
Anthracnose/An233.jpg,Anthracnose
Anthracnose/An234.jpg,Anthracnose
Anthracnose/An235.jpg,Anthracnose
Anthracnose/An236.jpg,Anthracnose
Anthracnose/An237.jpg,Anthracnose
Anthracnose/An238.jpg,Anthracnose
Anthracnose/An239.jpg,Anthracnose
Anthracnose/An24.jpg,Anthracnose
Anthracnose/An240.jpg,Anthracnose
Anthracnose/An241.jpg,Anthracnose
Anthracnose/An242.jpg,Anthracnose
Anthracnose/An243.jpg,Anthracnose
Anthracnose/An244.jpg,Anthracnose
Anthracnose/An245.jpg,Anthracnose
Anthracnose/An246.jpg,Anthracnose
Anthracnose/An247.jpg,Anthracnose
Anthracnose/An248.jpg,Anthracnose
Anthracnose/An249.jpg,Anthracnose
Anthracnose/An25.jpg,Anthracnose
Anthracnose/An250.jpg,Anthracnose
Anthracnose/An251.jpg,Anthracnose
Anthracnose/An252.jpg,Anthracnose
Anthracnose/An253.jpg,Anthracnose
Anthracnose/An254.jpg,Anthracnose
Anthracnose/An255.jpg,Anthracnose
Anthracnose/An256.jpg,Anthracnose
Anthracnose/An257.jpg,Anthracnose
Anthracnose/An258.jpg,Anthracnose
Anthracnose/An259.jpg,Anthracnose
Anthracnose/An26.jpg,Anthracnose
Anthracnose/An260.jpg,Anthracnose
Anthracnose/An261.jpg,Anthracnose
Anthracnose/An262.jpg,Anthracnose
Anthracnose/An263.jpg,Anthracnose
Anthracnose/An264.jpg,Anthracnose
Anthracnose/An265.jpg,Anthracnose
Anthracnose/An266.jpg,Anthracnose
Anthracnose/An267.jpg,Anthracnose
Anthracnose/An268.jpg,Anthracnose
Anthracnose/An269.jpg,Anthracnose
Anthracnose/An27.jpg,Anthracnose
Anthracnose/An270.jpg,Anthracnose
Anthracnose/An271.jpg,Anthracnose
Anthracnose/An272.jpg,Anthracnose
Anthracnose/An273.jpg,Anthracnose
Anthracnose/An274.jpg,Anthracnose
Anthracnose/An275.jpg,Anthracnose
Anthracnose/An276.jpg,Anthracnose
Anthracnose/An277.jpg,Anthracnose
Anthracnose/An278.jpg,Anthracnose
Anthracnose/An279.jpg,Anthracnose
Anthracnose/An28.jpg,Anthracnose
Anthracnose/An280.jpg,Anthracnose
Anthracnose/An281.jpg,Anthracnose
Anthracnose/An282.jpg,Anthracnose
Anthracnose/An283.jpg,Anthracnose
Anthracnose/An284.jpg,Anthracnose
Anthracnose/An285.jpg,Anthracnose
Anthracnose/An286.jpg,Anthracnose
Anthracnose/An287.jpg,Anthracnose
Anthracnose/An288.jpg,Anthracnose
Anthracnose/An289.jpg,Anthracnose
Anthracnose/An29.jpg,Anthracnose
Anthracnose/An290.jpg,Anthracnose
Anthracnose/An291.jpg,Anthracnose
Anthracnose/An292.jpg,Anthracnose
Anthracnose/An293.jpg,Anthracnose
Anthracnose/An294.jpg,Anthracnose
Anthracnose/An295.jpg,Anthracnose
Anthracnose/An296.jpg,Anthracnose
Anthracnose/An297.jpg,Anthracnose
Anthracnose/An298.jpg,Anthracnose
Anthracnose/An299.jpg,Anthracnose
Anthracnose/An3.jpg,Anthracnose
Anthracnose/An30.jpg,Anthracnose
Anthracnose/An300.jpg,Anthracnose
Anthracnose/An31.jpg,Anthracnose
Anthracnose/An32.jpg,Anthracnose
Anthracnose/An33.jpg,Anthracnose
Anthracnose/An34.jpg,Anthracnose
Anthracnose/An35.jpg,Anthracnose
Anthracnose/An36.jpg,Anthracnose
Anthracnose/An37.jpg,Anthracnose
Anthracnose/An38.jpg,Anthracnose
Anthracnose/An39.jpg,Anthracnose
Anthracnose/An4.jpg,Anthracnose
Anthracnose/An40.jpg,Anthracnose
Anthracnose/An41.jpg,Anthracnose
Anthracnose/An42.jpg,Anthracnose
Anthracnose/An43.jpg,Anthracnose
Anthracnose/An44.jpg,Anthracnose
Anthracnose/An45.jpg,Anthracnose
Anthracnose/An46.jpg,Anthracnose
Anthracnose/An47.jpg,Anthracnose
Anthracnose/An48.jpg,Anthracnose
Anthracnose/An49.jpg,Anthracnose
Anthracnose/An5.jpg,Anthracnose
Anthracnose/An50.jpg,Anthracnose
Anthracnose/An51.jpg,Anthracnose
Anthracnose/An52.jpg,Anthracnose
Anthracnose/An53.jpg,Anthracnose
Anthracnose/An54.jpg,Anthracnose
Anthracnose/An55.jpg,Anthracnose
Anthracnose/An56.jpg,Anthracnose
Anthracnose/An57.jpg,Anthracnose
Anthracnose/An58.jpg,Anthracnose
Anthracnose/An59.jpg,Anthracnose
Anthracnose/An6.jpg,Anthracnose
Anthracnose/An60.jpg,Anthracnose
Anthracnose/An61.jpg,Anthracnose
Anthracnose/An62.jpg,Anthracnose
Anthracnose/An63.jpg,Anthracnose
Anthracnose/An64.jpg,Anthracnose
Anthracnose/An65.jpg,Anthracnose
Anthracnose/An66.jpg,Anthracnose
Anthracnose/An67.jpg,Anthracnose
Anthracnose/An68.jpg,Anthracnose
Anthracnose/An69.jpg,Anthracnose
Anthracnose/An7.jpg,Anthracnose
Anthracnose/An70.jpg,Anthracnose
Anthracnose/An71.jpg,Anthracnose
Anthracnose/An72.jpg,Anthracnose
Anthracnose/An73.jpg,Anthracnose
Anthracnose/An74.jpg,Anthracnose
Anthracnose/An75.jpg,Anthracnose
Anthracnose/An76.jpg,Anthracnose
Anthracnose/An77.jpg,Anthracnose
Anthracnose/An78.jpg,Anthracnose
Anthracnose/An79.jpg,Anthracnose
Anthracnose/An8.jpg,Anthracnose
Anthracnose/An80.jpg,Anthracnose
Anthracnose/An81.jpg,Anthracnose
Anthracnose/An82.jpg,Anthracnose
Anthracnose/An83.jpg,Anthracnose
Anthracnose/An84.jpg,Anthracnose
Anthracnose/An85.jpg,Anthracnose
Anthracnose/An86.jpg,Anthracnose
Anthracnose/An87.jpg,Anthracnose
Anthracnose/An88.jpg,Anthracnose
Anthracnose/An89.jpg,Anthracnose
Anthracnose/An9.jpg,Anthracnose
Anthracnose/An90.jpg,Anthracnose
Anthracnose/An91.jpg,Anthracnose
Anthracnose/An92.jpg,Anthracnose
Anthracnose/An93.jpg,Anthracnose
Anthracnose/An94.jpg,Anthracnose
Anthracnose/An95.jpg,Anthracnose
Anthracnose/An96.jpg,Anthracnose
Anthracnose/An97.jpg,Anthracnose
Anthracnose/An98.jpg,Anthracnose
Anthracnose/An99.jpg,Anthracnose
Bacterial Canker/Bc1.jpg,Bacterial Canker
Bacterial Canker/Bc10.jpg,Bacterial Canker
Bacterial Canker/Bc100.jpg,Bacterial Canker
Bacterial Canker/Bc101.jpg,Bacterial Canker
Bacterial Canker/Bc102.jpg,Bacterial Canker
Bacterial Canker/Bc103.jpg,Bacterial Canker
Bacterial Canker/Bc104.jpg,Bacterial Canker
Bacterial Canker/Bc105.jpg,Bacterial Canker
Bacterial Canker/Bc106.jpg,Bacterial Canker
Bacterial Canker/Bc107.jpg,Bacterial Canker
Bacterial Canker/Bc108.jpg,Bacterial Canker
Bacterial Canker/Bc109.jpg,Bacterial Canker
Bacterial Canker/Bc11.jpg,Bacterial Canker
Bacterial Canker/Bc110.jpg,Bacterial Canker
Bacterial Canker/Bc111.jpg,Bacterial Canker
Bacterial Canker/Bc112.jpg,Bacterial Canker
Bacterial Canker/Bc113.jpg,Bacterial Canker
Bacterial Canker/Bc114.jpg,Bacterial Canker
Bacterial Canker/Bc115.jpg,Bacterial Canker
Bacterial Canker/Bc116.jpg,Bacterial Canker
Bacterial Canker/Bc117.jpg,Bacterial Canker
Bacterial Canker/Bc118.jpg,Bacterial Canker
Bacterial Canker/Bc119.jpg,Bacterial Canker
Bacterial Canker/Bc12.jpg,Bacterial Canker
Bacterial Canker/Bc120.jpg,Bacterial Canker
Bacterial Canker/Bc121.jpg,Bacterial Canker
Bacterial Canker/Bc122.jpg,Bacterial Canker
Bacterial Canker/Bc123.jpg,Bacterial Canker
Bacterial Canker/Bc124.jpg,Bacterial Canker
Bacterial Canker/Bc125.jpg,Bacterial Canker
Bacterial Canker/Bc126.jpg,Bacterial Canker
Bacterial Canker/Bc127.jpg,Bacterial Canker
Bacterial Canker/Bc128.jpg,Bacterial Canker
Bacterial Canker/Bc129.jpg,Bacterial Canker
Bacterial Canker/Bc13.jpg,Bacterial Canker
Bacterial Canker/Bc130.jpg,Bacterial Canker
Bacterial Canker/Bc131.jpg,Bacterial Canker
Bacterial Canker/Bc132.jpg,Bacterial Canker
Bacterial Canker/Bc133.jpg,Bacterial Canker
Bacterial Canker/Bc134.jpg,Bacterial Canker
Bacterial Canker/Bc135.jpg,Bacterial Canker
Bacterial Canker/Bc136.jpg,Bacterial Canker
Bacterial Canker/Bc137.jpg,Bacterial Canker
Bacterial Canker/Bc138.jpg,Bacterial Canker
Bacterial Canker/Bc139.jpg,Bacterial Canker
Bacterial Canker/Bc14.jpg,Bacterial Canker
Bacterial Canker/Bc140.jpg,Bacterial Canker
Bacterial Canker/Bc141.jpg,Bacterial Canker
Bacterial Canker/Bc142.jpg,Bacterial Canker
Bacterial Canker/Bc143.jpg,Bacterial Canker
Bacterial Canker/Bc144.jpg,Bacterial Canker
Bacterial Canker/Bc145.jpg,Bacterial Canker
Bacterial Canker/Bc146.jpg,Bacterial Canker
Bacterial Canker/Bc147.jpg,Bacterial Canker
Bacterial Canker/Bc148.jpg,Bacterial Canker
Bacterial Canker/Bc149.jpg,Bacterial Canker
Bacterial Canker/Bc15.jpg,Bacterial Canker
Bacterial Canker/Bc150.jpg,Bacterial Canker
Bacterial Canker/Bc151.jpg,Bacterial Canker
Bacterial Canker/Bc152.jpg,Bacterial Canker
Bacterial Canker/Bc153.jpg,Bacterial Canker
Bacterial Canker/Bc154.jpg,Bacterial Canker
Bacterial Canker/Bc155.jpg,Bacterial Canker
Bacterial Canker/Bc156.jpg,Bacterial Canker
Bacterial Canker/Bc157.jpg,Bacterial Canker
Bacterial Canker/Bc158.jpg,Bacterial Canker
Bacterial Canker/Bc159.jpg,Bacterial Canker
Bacterial Canker/Bc16.jpg,Bacterial Canker
Bacterial Canker/Bc160.jpg,Bacterial Canker
Bacterial Canker/Bc161.jpg,Bacterial Canker
Bacterial Canker/Bc162.jpg,Bacterial Canker
Bacterial Canker/Bc163.jpg,Bacterial Canker
Bacterial Canker/Bc164.jpg,Bacterial Canker
Bacterial Canker/Bc165.jpg,Bacterial Canker
Bacterial Canker/Bc166.jpg,Bacterial Canker
Bacterial Canker/Bc167.jpg,Bacterial Canker
Bacterial Canker/Bc168.jpg,Bacterial Canker
Bacterial Canker/Bc169.jpg,Bacterial Canker
Bacterial Canker/Bc17.jpg,Bacterial Canker
Bacterial Canker/Bc170.jpg,Bacterial Canker
Bacterial Canker/Bc171.jpg,Bacterial Canker
Bacterial Canker/Bc172.jpg,Bacterial Canker
Bacterial Canker/Bc173.jpg,Bacterial Canker
Bacterial Canker/Bc174.jpg,Bacterial Canker
Bacterial Canker/Bc175.jpg,Bacterial Canker
Bacterial Canker/Bc176.jpg,Bacterial Canker
Bacterial Canker/Bc177.jpg,Bacterial Canker
Bacterial Canker/Bc178.jpg,Bacterial Canker
Bacterial Canker/Bc179.jpg,Bacterial Canker
Bacterial Canker/Bc18.jpg,Bacterial Canker
Bacterial Canker/Bc180.jpg,Bacterial Canker
Bacterial Canker/Bc181.jpg,Bacterial Canker
Bacterial Canker/Bc182.jpg,Bacterial Canker
Bacterial Canker/Bc183.jpg,Bacterial Canker
Bacterial Canker/Bc184.jpg,Bacterial Canker
Bacterial Canker/Bc185.jpg,Bacterial Canker
Bacterial Canker/Bc186.jpg,Bacterial Canker
Bacterial Canker/Bc187.jpg,Bacterial Canker
Bacterial Canker/Bc188.jpg,Bacterial Canker
Bacterial Canker/Bc189.jpg,Bacterial Canker
Bacterial Canker/Bc19.jpg,Bacterial Canker
Bacterial Canker/Bc190.jpg,Bacterial Canker
Bacterial Canker/Bc191.jpg,Bacterial Canker
Bacterial Canker/Bc192.jpg,Bacterial Canker
Bacterial Canker/Bc193.jpg,Bacterial Canker
Bacterial Canker/Bc194.jpg,Bacterial Canker
Bacterial Canker/Bc195.jpg,Bacterial Canker
Bacterial Canker/Bc196.jpg,Bacterial Canker
Bacterial Canker/Bc197.jpg,Bacterial Canker
Bacterial Canker/Bc198.jpg,Bacterial Canker
Bacterial Canker/Bc199.jpg,Bacterial Canker
Bacterial Canker/Bc2.jpg,Bacterial Canker
Bacterial Canker/Bc20.jpg,Bacterial Canker
Bacterial Canker/Bc200.jpg,Bacterial Canker
Bacterial Canker/Bc201.jpg,Bacterial Canker
Bacterial Canker/Bc202.jpg,Bacterial Canker
Bacterial Canker/Bc203.jpg,Bacterial Canker
Bacterial Canker/Bc204.jpg,Bacterial Canker
Bacterial Canker/Bc205.jpg,Bacterial Canker
Bacterial Canker/Bc206.jpg,Bacterial Canker
Bacterial Canker/Bc207.jpg,Bacterial Canker
Bacterial Canker/Bc208.jpg,Bacterial Canker
Bacterial Canker/Bc209.jpg,Bacterial Canker
Bacterial Canker/Bc21.jpg,Bacterial Canker
Bacterial Canker/Bc210.jpg,Bacterial Canker
Bacterial Canker/Bc211.jpg,Bacterial Canker
Bacterial Canker/Bc212.jpg,Bacterial Canker
Bacterial Canker/Bc213.jpg,Bacterial Canker
Bacterial Canker/Bc214.jpg,Bacterial Canker
Bacterial Canker/Bc215.jpg,Bacterial Canker
Bacterial Canker/Bc216.jpg,Bacterial Canker
Bacterial Canker/Bc217.jpg,Bacterial Canker
Bacterial Canker/Bc218.jpg,Bacterial Canker
Bacterial Canker/Bc219.jpg,Bacterial Canker
Bacterial Canker/Bc22.jpg,Bacterial Canker
Bacterial Canker/Bc220.jpg,Bacterial Canker
Bacterial Canker/Bc221.jpg,Bacterial Canker
Bacterial Canker/Bc222.jpg,Bacterial Canker
Bacterial Canker/Bc223.jpg,Bacterial Canker
Bacterial Canker/Bc224.jpg,Bacterial Canker
Bacterial Canker/Bc225.jpg,Bacterial Canker
Bacterial Canker/Bc226.jpg,Bacterial Canker
Bacterial Canker/Bc227.jpg,Bacterial Canker
Bacterial Canker/Bc228.jpg,Bacterial Canker
Bacterial Canker/Bc229.jpg,Bacterial Canker
Bacterial Canker/Bc23.jpg,Bacterial Canker
Bacterial Canker/Bc230.jpg,Bacterial Canker
Bacterial Canker/Bc231.jpg,Bacterial Canker
Bacterial Canker/Bc232.jpg,Bacterial Canker
Bacterial Canker/Bc233.jpg,Bacterial Canker
Bacterial Canker/Bc234.jpg,Bacterial Canker
Bacterial Canker/Bc235.jpg,Bacterial Canker
Bacterial Canker/Bc236.jpg,Bacterial Canker
Bacterial Canker/Bc237.jpg,Bacterial Canker
Bacterial Canker/Bc238.jpg,Bacterial Canker
Bacterial Canker/Bc239.jpg,Bacterial Canker
Bacterial Canker/Bc24.jpg,Bacterial Canker
Bacterial Canker/Bc240.jpg,Bacterial Canker
Bacterial Canker/Bc241.jpg,Bacterial Canker
Bacterial Canker/Bc242.jpg,Bacterial Canker
Bacterial Canker/Bc243.jpg,Bacterial Canker
Bacterial Canker/Bc244.jpg,Bacterial Canker
Bacterial Canker/Bc245.jpg,Bacterial Canker
Bacterial Canker/Bc246.jpg,Bacterial Canker
Bacterial Canker/Bc247.jpg,Bacterial Canker
Bacterial Canker/Bc248.jpg,Bacterial Canker
Bacterial Canker/Bc249.jpg,Bacterial Canker
Bacterial Canker/Bc25.jpg,Bacterial Canker
Bacterial Canker/Bc250.jpg,Bacterial Canker
Bacterial Canker/Bc251.jpg,Bacterial Canker
Bacterial Canker/Bc252.jpg,Bacterial Canker
Bacterial Canker/Bc253.jpg,Bacterial Canker
Bacterial Canker/Bc254.jpg,Bacterial Canker
Bacterial Canker/Bc255.jpg,Bacterial Canker
Bacterial Canker/Bc256.jpg,Bacterial Canker
Bacterial Canker/Bc257.jpg,Bacterial Canker
Bacterial Canker/Bc258.jpg,Bacterial Canker
Bacterial Canker/Bc259.jpg,Bacterial Canker
Bacterial Canker/Bc26.jpg,Bacterial Canker
Bacterial Canker/Bc260.jpg,Bacterial Canker
Bacterial Canker/Bc261.jpg,Bacterial Canker
Bacterial Canker/Bc262.jpg,Bacterial Canker
Bacterial Canker/Bc263.jpg,Bacterial Canker
Bacterial Canker/Bc264.jpg,Bacterial Canker
Bacterial Canker/Bc265.jpg,Bacterial Canker
Bacterial Canker/Bc266.jpg,Bacterial Canker
Bacterial Canker/Bc267.jpg,Bacterial Canker
Bacterial Canker/Bc268.jpg,Bacterial Canker
Bacterial Canker/Bc269.jpg,Bacterial Canker
Bacterial Canker/Bc27.jpg,Bacterial Canker
Bacterial Canker/Bc270.jpg,Bacterial Canker
Bacterial Canker/Bc271.jpg,Bacterial Canker
Bacterial Canker/Bc272.jpg,Bacterial Canker
Bacterial Canker/Bc273.jpg,Bacterial Canker
Bacterial Canker/Bc274.jpg,Bacterial Canker
Bacterial Canker/Bc275.jpg,Bacterial Canker
Bacterial Canker/Bc276.jpg,Bacterial Canker
Bacterial Canker/Bc277.jpg,Bacterial Canker
Bacterial Canker/Bc278.jpg,Bacterial Canker
Bacterial Canker/Bc279.jpg,Bacterial Canker
Bacterial Canker/Bc28.jpg,Bacterial Canker
Bacterial Canker/Bc280.jpg,Bacterial Canker
Bacterial Canker/Bc281.jpg,Bacterial Canker
Bacterial Canker/Bc282.jpg,Bacterial Canker
Bacterial Canker/Bc283.jpg,Bacterial Canker
Bacterial Canker/Bc284.jpg,Bacterial Canker
Bacterial Canker/Bc285.jpg,Bacterial Canker
Bacterial Canker/Bc286.jpg,Bacterial Canker
Bacterial Canker/Bc287.jpg,Bacterial Canker
Bacterial Canker/Bc288.jpg,Bacterial Canker
Bacterial Canker/Bc289.jpg,Bacterial Canker
Bacterial Canker/Bc29.jpg,Bacterial Canker
Bacterial Canker/Bc290.jpg,Bacterial Canker
Bacterial Canker/Bc291.jpg,Bacterial Canker
Bacterial Canker/Bc292.jpg,Bacterial Canker
Bacterial Canker/Bc293.jpg,Bacterial Canker
Bacterial Canker/Bc294.jpg,Bacterial Canker
Bacterial Canker/Bc295.jpg,Bacterial Canker
Bacterial Canker/Bc296.jpg,Bacterial Canker
Bacterial Canker/Bc297.jpg,Bacterial Canker
Bacterial Canker/Bc298.jpg,Bacterial Canker
Bacterial Canker/Bc299.jpg,Bacterial Canker
Bacterial Canker/Bc3.jpg,Bacterial Canker
Bacterial Canker/Bc30.jpg,Bacterial Canker
Bacterial Canker/Bc300.jpg,Bacterial Canker
Bacterial Canker/Bc31.jpg,Bacterial Canker
Bacterial Canker/Bc32.jpg,Bacterial Canker
Bacterial Canker/Bc33.jpg,Bacterial Canker
Bacterial Canker/Bc34.jpg,Bacterial Canker
Bacterial Canker/Bc35.jpg,Bacterial Canker
Bacterial Canker/Bc36.jpg,Bacterial Canker
Bacterial Canker/Bc37.jpg,Bacterial Canker
Bacterial Canker/Bc38.jpg,Bacterial Canker
Bacterial Canker/Bc39.jpg,Bacterial Canker
Bacterial Canker/Bc4.jpg,Bacterial Canker
Bacterial Canker/Bc40.jpg,Bacterial Canker
Bacterial Canker/Bc41.jpg,Bacterial Canker
Bacterial Canker/Bc42.jpg,Bacterial Canker
Bacterial Canker/Bc43.jpg,Bacterial Canker
Bacterial Canker/Bc44.jpg,Bacterial Canker
Bacterial Canker/Bc45.jpg,Bacterial Canker
Bacterial Canker/Bc46.jpg,Bacterial Canker
Bacterial Canker/Bc47.jpg,Bacterial Canker
Bacterial Canker/Bc48.jpg,Bacterial Canker
Bacterial Canker/Bc49.jpg,Bacterial Canker
Bacterial Canker/Bc5.jpg,Bacterial Canker
Bacterial Canker/Bc50.jpg,Bacterial Canker
Bacterial Canker/Bc51.jpg,Bacterial Canker
Bacterial Canker/Bc52.jpg,Bacterial Canker
Bacterial Canker/Bc53.jpg,Bacterial Canker
Bacterial Canker/Bc54.jpg,Bacterial Canker
Bacterial Canker/Bc55.jpg,Bacterial Canker
Bacterial Canker/Bc56.jpg,Bacterial Canker
Bacterial Canker/Bc57.jpg,Bacterial Canker
Bacterial Canker/Bc58.jpg,Bacterial Canker
Bacterial Canker/Bc59.jpg,Bacterial Canker
Bacterial Canker/Bc6.jpg,Bacterial Canker
Bacterial Canker/Bc60.jpg,Bacterial Canker
Bacterial Canker/Bc61.jpg,Bacterial Canker
Bacterial Canker/Bc62.jpg,Bacterial Canker
Bacterial Canker/Bc63.jpg,Bacterial Canker
Bacterial Canker/Bc64.jpg,Bacterial Canker
Bacterial Canker/Bc65.jpg,Bacterial Canker
Bacterial Canker/Bc66.jpg,Bacterial Canker
Bacterial Canker/Bc67.jpg,Bacterial Canker
Bacterial Canker/Bc68.jpg,Bacterial Canker
Bacterial Canker/Bc69.jpg,Bacterial Canker
Bacterial Canker/Bc7.jpg,Bacterial Canker
Bacterial Canker/Bc70.jpg,Bacterial Canker
Bacterial Canker/Bc71.jpg,Bacterial Canker
Bacterial Canker/Bc72.jpg,Bacterial Canker
Bacterial Canker/Bc73.jpg,Bacterial Canker
Bacterial Canker/Bc74.jpg,Bacterial Canker
Bacterial Canker/Bc75.jpg,Bacterial Canker
Bacterial Canker/Bc76.jpg,Bacterial Canker
Bacterial Canker/Bc77.jpg,Bacterial Canker
Bacterial Canker/Bc78.jpg,Bacterial Canker
Bacterial Canker/Bc79.jpg,Bacterial Canker
Bacterial Canker/Bc8.jpg,Bacterial Canker
Bacterial Canker/Bc80.jpg,Bacterial Canker
Bacterial Canker/Bc81.jpg,Bacterial Canker
Bacterial Canker/Bc82.jpg,Bacterial Canker
Bacterial Canker/Bc83.jpg,Bacterial Canker
Bacterial Canker/Bc84.jpg,Bacterial Canker
Bacterial Canker/Bc85.jpg,Bacterial Canker
Bacterial Canker/Bc86.jpg,Bacterial Canker
Bacterial Canker/Bc87.jpg,Bacterial Canker
Bacterial Canker/Bc88.jpg,Bacterial Canker
Bacterial Canker/Bc89.jpg,Bacterial Canker
Bacterial Canker/Bc9.jpg,Bacterial Canker
Bacterial Canker/Bc90.jpg,Bacterial Canker
Bacterial Canker/Bc91.jpg,Bacterial Canker
Bacterial Canker/Bc92.jpg,Bacterial Canker
Bacterial Canker/Bc93.jpg,Bacterial Canker
Bacterial Canker/Bc94.jpg,Bacterial Canker
Bacterial Canker/Bc95.jpg,Bacterial Canker
Bacterial Canker/Bc96.jpg,Bacterial Canker
Bacterial Canker/Bc97.jpg,Bacterial Canker
Bacterial Canker/Bc98.jpg,Bacterial Canker
Bacterial Canker/Bc99.jpg,Bacterial Canker
Healthy/He1.jpg,Healthy
Healthy/He10.jpg,Healthy
Healthy/He100.jpg,Healthy
Healthy/He101.jpg,Healthy
Healthy/He102.jpg,Healthy
Healthy/He103.jpg,Healthy
Healthy/He104.jpg,Healthy
Healthy/He105.jpg,Healthy
Healthy/He106.jpg,Healthy
Healthy/He107.jpg,Healthy
Healthy/He108.jpg,Healthy
Healthy/He109.jpg,Healthy
Healthy/He11.jpg,Healthy
Healthy/He110.jpg,Healthy
Healthy/He111.jpg,Healthy
Healthy/He112.jpg,Healthy
Healthy/He113.jpg,Healthy
Healthy/He114.jpg,Healthy
Healthy/He115.jpg,Healthy
Healthy/He116.jpg,Healthy
Healthy/He117.jpg,Healthy
Healthy/He118.jpg,Healthy
Healthy/He119.jpg,Healthy
Healthy/He12.jpg,Healthy
Healthy/He120.jpg,Healthy
Healthy/He121.jpg,Healthy
Healthy/He122.jpg,Healthy
Healthy/He123.jpg,Healthy
Healthy/He124.jpg,Healthy
Healthy/He125.jpg,Healthy
Healthy/He126.jpg,Healthy
Healthy/He127.jpg,Healthy
Healthy/He128.jpg,Healthy
Healthy/He129.jpg,Healthy
Healthy/He13.jpg,Healthy
Healthy/He130.jpg,Healthy
Healthy/He131.jpg,Healthy
Healthy/He132.jpg,Healthy
Healthy/He133.jpg,Healthy
Healthy/He134.jpg,Healthy
Healthy/He135.jpg,Healthy
Healthy/He136.jpg,Healthy
Healthy/He137.jpg,Healthy
Healthy/He138.jpg,Healthy
Healthy/He139.jpg,Healthy
Healthy/He14.jpg,Healthy
Healthy/He140.jpg,Healthy
Healthy/He141.jpg,Healthy
Healthy/He142.jpg,Healthy
Healthy/He143.jpg,Healthy
Healthy/He144.jpg,Healthy
Healthy/He145.jpg,Healthy
Healthy/He146.jpg,Healthy
Healthy/He147.jpg,Healthy
Healthy/He148.jpg,Healthy
Healthy/He149.jpg,Healthy
Healthy/He15.jpg,Healthy
Healthy/He150.jpg,Healthy
Healthy/He151.jpg,Healthy
Healthy/He152.jpg,Healthy
Healthy/He153.jpg,Healthy
Healthy/He154.jpg,Healthy
Healthy/He155.jpg,Healthy
Healthy/He156.jpg,Healthy
Healthy/He157.jpg,Healthy
Healthy/He158.jpg,Healthy
Healthy/He159.jpg,Healthy
Healthy/He16.jpg,Healthy
Healthy/He160.jpg,Healthy
Healthy/He161.jpg,Healthy
Healthy/He162.jpg,Healthy
Healthy/He163.jpg,Healthy
Healthy/He164.jpg,Healthy
Healthy/He165.jpg,Healthy
Healthy/He166.jpg,Healthy
Healthy/He167.jpg,Healthy
Healthy/He168.jpg,Healthy
Healthy/He169.jpg,Healthy
Healthy/He17.jpg,Healthy
Healthy/He170.jpg,Healthy
Healthy/He171.jpg,Healthy
Healthy/He172.jpg,Healthy
Healthy/He173.jpg,Healthy
Healthy/He174.jpg,Healthy
Healthy/He175.jpg,Healthy
Healthy/He176.jpg,Healthy
Healthy/He177.jpg,Healthy
Healthy/He178.jpg,Healthy
Healthy/He179.jpg,Healthy
Healthy/He18.jpg,Healthy
Healthy/He180.jpg,Healthy
Healthy/He181.jpg,Healthy
Healthy/He182.jpg,Healthy
Healthy/He183.jpg,Healthy
Healthy/He184.jpg,Healthy
Healthy/He185.jpg,Healthy
Healthy/He186.jpg,Healthy
Healthy/He187.jpg,Healthy
Healthy/He188.jpg,Healthy
Healthy/He189.jpg,Healthy
Healthy/He19.jpg,Healthy
Healthy/He190.jpg,Healthy
Healthy/He191.jpg,Healthy
Healthy/He192.jpg,Healthy
Healthy/He193.jpg,Healthy
Healthy/He194.jpg,Healthy
Healthy/He195.jpg,Healthy
Healthy/He196.jpg,Healthy
Healthy/He197.jpg,Healthy
Healthy/He198.jpg,Healthy
Healthy/He199.jpg,Healthy
Healthy/He2.jpg,Healthy
Healthy/He20.jpg,Healthy
Healthy/He200.jpg,Healthy
Healthy/He201.jpg,Healthy
Healthy/He202.jpg,Healthy
Healthy/He203.jpg,Healthy
Healthy/He204.jpg,Healthy
Healthy/He205.jpg,Healthy
Healthy/He206.jpg,Healthy
Healthy/He207.jpg,Healthy
Healthy/He208.jpg,Healthy
Healthy/He209.jpg,Healthy
Healthy/He21.jpg,Healthy
Healthy/He210.jpg,Healthy
Healthy/He211.jpg,Healthy
Healthy/He212.jpg,Healthy
Healthy/He213.jpg,Healthy
Healthy/He214.jpg,Healthy
Healthy/He215.jpg,Healthy
Healthy/He216.jpg,Healthy
Healthy/He217.jpg,Healthy
Healthy/He218.jpg,Healthy
Healthy/He219.jpg,Healthy
Healthy/He22.jpg,Healthy
Healthy/He220.jpg,Healthy
Healthy/He221.jpg,Healthy
Healthy/He222.jpg,Healthy
Healthy/He223.jpg,Healthy
Healthy/He224.jpg,Healthy
Healthy/He225.jpg,Healthy
Healthy/He226.jpg,Healthy
Healthy/He227.jpg,Healthy
Healthy/He228.jpg,Healthy
Healthy/He229.jpg,Healthy
Healthy/He23.jpg,Healthy
Healthy/He230.jpg,Healthy
Healthy/He231.jpg,Healthy
Healthy/He232.jpg,Healthy
Healthy/He233.jpg,Healthy
Healthy/He234.jpg,Healthy
Healthy/He235.jpg,Healthy
Healthy/He236.jpg,Healthy
Healthy/He237.jpg,Healthy
Healthy/He238.jpg,Healthy
Healthy/He239.jpg,Healthy
Healthy/He24.jpg,Healthy
Healthy/He240.jpg,Healthy
Healthy/He241.jpg,Healthy
Healthy/He242.jpg,Healthy
Healthy/He243.jpg,Healthy
Healthy/He244.jpg,Healthy
Healthy/He245.jpg,Healthy
Healthy/He246.jpg,Healthy
Healthy/He247.jpg,Healthy
Healthy/He248.jpg,Healthy
Healthy/He249.jpg,Healthy
Healthy/He25.jpg,Healthy
Healthy/He250.jpg,Healthy
Healthy/He251.jpg,Healthy
Healthy/He252.jpg,Healthy
Healthy/He253.jpg,Healthy
Healthy/He254.jpg,Healthy
Healthy/He255.jpg,Healthy
Healthy/He256.jpg,Healthy
Healthy/He257.jpg,Healthy
Healthy/He258.jpg,Healthy
Healthy/He259.jpg,Healthy
Healthy/He26.jpg,Healthy
Healthy/He260.jpg,Healthy
Healthy/He261.jpg,Healthy
Healthy/He262.jpg,Healthy
Healthy/He263.jpg,Healthy
Healthy/He264.jpg,Healthy
Healthy/He265.jpg,Healthy
Healthy/He266.jpg,Healthy
Healthy/He267.jpg,Healthy
Healthy/He268.jpg,Healthy
Healthy/He269.jpg,Healthy
Healthy/He27.jpg,Healthy
Healthy/He270.jpg,Healthy
Healthy/He271.jpg,Healthy
Healthy/He272.jpg,Healthy
Healthy/He273.jpg,Healthy
Healthy/He274.jpg,Healthy
Healthy/He275.jpg,Healthy
Healthy/He276.jpg,Healthy
Healthy/He277.jpg,Healthy
Healthy/He278.jpg,Healthy
Healthy/He279.jpg,Healthy
Healthy/He28.jpg,Healthy
Healthy/He280.jpg,Healthy
Healthy/He281.jpg,Healthy
Healthy/He282.jpg,Healthy
Healthy/He283.jpg,Healthy
Healthy/He284.jpg,Healthy
Healthy/He285.jpg,Healthy
Healthy/He286.jpg,Healthy
Healthy/He287.jpg,Healthy
Healthy/He288.jpg,Healthy
Healthy/He289.jpg,Healthy
Healthy/He29.jpg,Healthy
Healthy/He290.jpg,Healthy
Healthy/He291.jpg,Healthy
Healthy/He292.jpg,Healthy
Healthy/He293.jpg,Healthy
Healthy/He294.jpg,Healthy
Healthy/He295.jpg,Healthy
Healthy/He296.jpg,Healthy
Healthy/He297.jpg,Healthy
Healthy/He298.jpg,Healthy
Healthy/He299.jpg,Healthy
Healthy/He3.jpg,Healthy
Healthy/He30.jpg,Healthy
Healthy/He300.jpg,Healthy
Healthy/He31.jpg,Healthy
Healthy/He32.jpg,Healthy
Healthy/He33.jpg,Healthy
Healthy/He34.jpg,Healthy
Healthy/He35.jpg,Healthy
Healthy/He36.jpg,Healthy
Healthy/He37.jpg,Healthy
Healthy/He38.jpg,Healthy
Healthy/He39.jpg,Healthy
Healthy/He4.jpg,Healthy
Healthy/He40.jpg,Healthy
Healthy/He41.jpg,Healthy
Healthy/He42.jpg,Healthy
Healthy/He43.jpg,Healthy
Healthy/He44.jpg,Healthy
Healthy/He45.jpg,Healthy
Healthy/He46.jpg,Healthy
Healthy/He47.jpg,Healthy
Healthy/He48.jpg,Healthy
Healthy/He49.jpg,Healthy
Healthy/He5.jpg,Healthy
Healthy/He50.jpg,Healthy
Healthy/He51.jpg,Healthy
Healthy/He52.jpg,Healthy
Healthy/He53.jpg,Healthy
Healthy/He54.jpg,Healthy
Healthy/He55.jpg,Healthy
Healthy/He56.jpg,Healthy
Healthy/He57.jpg,Healthy
Healthy/He58.jpg,Healthy
Healthy/He59.jpg,Healthy
Healthy/He6.jpg,Healthy
Healthy/He60.jpg,Healthy
Healthy/He61.jpg,Healthy
Healthy/He62.jpg,Healthy
Healthy/He63.jpg,Healthy
Healthy/He64.jpg,Healthy
Healthy/He65.jpg,Healthy
Healthy/He66.jpg,Healthy
Healthy/He67.jpg,Healthy
Healthy/He68.jpg,Healthy
Healthy/He69.jpg,Healthy
Healthy/He7.jpg,Healthy
Healthy/He70.jpg,Healthy
Healthy/He71.jpg,Healthy
Healthy/He72.jpg,Healthy
Healthy/He73.jpg,Healthy
Healthy/He74.jpg,Healthy
Healthy/He75.jpg,Healthy
Healthy/He76.jpg,Healthy
Healthy/He77.jpg,Healthy
Healthy/He78.jpg,Healthy
Healthy/He79.jpg,Healthy
Healthy/He8.jpg,Healthy
Healthy/He80.jpg,Healthy
Healthy/He81.jpg,Healthy
Healthy/He82.jpg,Healthy
Healthy/He83.jpg,Healthy
Healthy/He84.jpg,Healthy
Healthy/He85.jpg,Healthy
Healthy/He86.jpg,Healthy
Healthy/He87.jpg,Healthy
Healthy/He88.jpg,Healthy
Healthy/He89.jpg,Healthy
Healthy/He9.jpg,Healthy
Healthy/He90.jpg,Healthy
Healthy/He91.jpg,Healthy
Healthy/He92.jpg,Healthy
Healthy/He93.jpg,Healthy
Healthy/He94.jpg,Healthy
Healthy/He95.jpg,Healthy
Healthy/He96.jpg,Healthy
Healthy/He97.jpg,Healthy
Healthy/He98.jpg,Healthy
Healthy/He99.jpg,Healthy
Scab/Sc1.jpg,Scab
Scab/Sc10.jpg,Scab
Scab/Sc100.jpg,Scab
Scab/Sc101.jpg,Scab
Scab/Sc102.jpg,Scab
Scab/Sc103.jpg,Scab
Scab/Sc104.jpg,Scab
Scab/Sc105.jpg,Scab
Scab/Sc106.jpg,Scab
Scab/Sc107.jpg,Scab
Scab/Sc108.jpg,Scab
Scab/Sc109.jpg,Scab
Scab/Sc11.jpg,Scab
Scab/Sc110.jpg,Scab
Scab/Sc111.jpg,Scab
Scab/Sc112.jpg,Scab
Scab/Sc113.jpg,Scab
Scab/Sc114.jpg,Scab
Scab/Sc115.jpg,Scab
Scab/Sc116.jpg,Scab
Scab/Sc117.jpg,Scab
Scab/Sc118.jpg,Scab
Scab/Sc119.jpg,Scab
Scab/Sc12.jpg,Scab
Scab/Sc120.jpg,Scab
Scab/Sc121.jpg,Scab
Scab/Sc122.jpg,Scab
Scab/Sc123.jpg,Scab
Scab/Sc124.jpg,Scab
Scab/Sc125.jpg,Scab
Scab/Sc126.jpg,Scab
Scab/Sc127.jpg,Scab
Scab/Sc128.jpg,Scab
Scab/Sc129.jpg,Scab
Scab/Sc13.jpg,Scab
Scab/Sc130.jpg,Scab
Scab/Sc131.jpg,Scab
Scab/Sc132.jpg,Scab
Scab/Sc133.jpg,Scab
Scab/Sc134.jpg,Scab
Scab/Sc135.jpg,Scab
Scab/Sc136.jpg,Scab
Scab/Sc137.jpg,Scab
Scab/Sc138.jpg,Scab
Scab/Sc139.jpg,Scab
Scab/Sc14.jpg,Scab
Scab/Sc140.jpg,Scab
Scab/Sc141.jpg,Scab
Scab/Sc142.jpg,Scab
Scab/Sc143.jpg,Scab
Scab/Sc144.jpg,Scab
Scab/Sc145.jpg,Scab
Scab/Sc146.jpg,Scab
Scab/Sc147.jpg,Scab
Scab/Sc148.jpg,Scab
Scab/Sc149.jpg,Scab
Scab/Sc15.jpg,Scab
Scab/Sc150.jpg,Scab
Scab/Sc151.jpg,Scab
Scab/Sc152.jpg,Scab
Scab/Sc153.jpg,Scab
Scab/Sc154.jpg,Scab
Scab/Sc155.jpg,Scab
Scab/Sc156.jpg,Scab
Scab/Sc157.jpg,Scab
Scab/Sc158.jpg,Scab
Scab/Sc159.jpg,Scab
Scab/Sc16.jpg,Scab
Scab/Sc160.jpg,Scab
Scab/Sc161.jpg,Scab
Scab/Sc162.jpg,Scab
Scab/Sc163.jpg,Scab
Scab/Sc164.jpg,Scab
Scab/Sc165.jpg,Scab
Scab/Sc166.jpg,Scab
Scab/Sc167.jpg,Scab
Scab/Sc168.jpg,Scab
Scab/Sc169.jpg,Scab
Scab/Sc17.jpg,Scab
Scab/Sc170.jpg,Scab
Scab/Sc171.jpg,Scab
Scab/Sc172.jpg,Scab
Scab/Sc173.jpg,Scab
Scab/Sc174.jpg,Scab
Scab/Sc175.jpg,Scab
Scab/Sc176.jpg,Scab
Scab/Sc177.jpg,Scab
Scab/Sc178.jpg,Scab
Scab/Sc179.jpg,Scab
Scab/Sc18.jpg,Scab
Scab/Sc180.jpg,Scab
Scab/Sc181.jpg,Scab
Scab/Sc182.jpg,Scab
Scab/Sc183.jpg,Scab
Scab/Sc184.jpg,Scab
Scab/Sc185.jpg,Scab
Scab/Sc186.jpg,Scab
Scab/Sc187.jpg,Scab
Scab/Sc188.jpg,Scab
Scab/Sc189.jpg,Scab
Scab/Sc19.jpg,Scab
Scab/Sc190.jpg,Scab
Scab/Sc191.jpg,Scab
Scab/Sc192.jpg,Scab
Scab/Sc193.jpg,Scab
Scab/Sc194.jpg,Scab
Scab/Sc195.jpg,Scab
Scab/Sc196.jpg,Scab
Scab/Sc197.jpg,Scab
Scab/Sc198.jpg,Scab
Scab/Sc199.jpg,Scab
Scab/Sc2.jpg,Scab
Scab/Sc20.jpg,Scab
Scab/Sc200.jpg,Scab
Scab/Sc201.jpg,Scab
Scab/Sc202.jpg,Scab
Scab/Sc203.jpg,Scab
Scab/Sc204.jpg,Scab
Scab/Sc205.jpg,Scab
Scab/Sc206.jpg,Scab
Scab/Sc207.jpg,Scab
Scab/Sc208.jpg,Scab
Scab/Sc209.jpg,Scab
Scab/Sc21.jpg,Scab
Scab/Sc210.jpg,Scab
Scab/Sc211.jpg,Scab
Scab/Sc212.jpg,Scab
Scab/Sc213.jpg,Scab
Scab/Sc214.jpg,Scab
Scab/Sc215.jpg,Scab
Scab/Sc216.jpg,Scab
Scab/Sc217.jpg,Scab
Scab/Sc218.jpg,Scab
Scab/Sc219.jpg,Scab
Scab/Sc22.jpg,Scab
Scab/Sc220.jpg,Scab
Scab/Sc221.jpg,Scab
Scab/Sc222.jpg,Scab
Scab/Sc223.jpg,Scab
Scab/Sc224.jpg,Scab
Scab/Sc225.jpg,Scab
Scab/Sc226.jpg,Scab
Scab/Sc227.jpg,Scab
Scab/Sc228.jpg,Scab
Scab/Sc229.jpg,Scab
Scab/Sc23.jpg,Scab
Scab/Sc230.jpg,Scab
Scab/Sc231.jpg,Scab
Scab/Sc232.jpg,Scab
Scab/Sc233.jpg,Scab
Scab/Sc234.jpg,Scab
Scab/Sc235.jpg,Scab
Scab/Sc236.jpg,Scab
Scab/Sc237.jpg,Scab
Scab/Sc238.jpg,Scab
Scab/Sc239.jpg,Scab
Scab/Sc24.jpg,Scab
Scab/Sc240.jpg,Scab
Scab/Sc241.jpg,Scab
Scab/Sc242.jpg,Scab
Scab/Sc243.jpg,Scab
Scab/Sc244.jpg,Scab
Scab/Sc245.jpg,Scab
Scab/Sc246.jpg,Scab
Scab/Sc247.jpg,Scab
Scab/Sc248.jpg,Scab
Scab/Sc249.jpg,Scab
Scab/Sc25.jpg,Scab
Scab/Sc250.jpg,Scab
Scab/Sc251.jpg,Scab
Scab/Sc252.jpg,Scab
Scab/Sc253.jpg,Scab
Scab/Sc254.jpg,Scab
Scab/Sc255.jpg,Scab
Scab/Sc256.jpg,Scab
Scab/Sc257.jpg,Scab
Scab/Sc258.jpg,Scab
Scab/Sc259.jpg,Scab
Scab/Sc26.jpg,Scab
Scab/Sc260.jpg,Scab
Scab/Sc261.jpg,Scab
Scab/Sc262.jpg,Scab
Scab/Sc263.jpg,Scab
Scab/Sc264.jpg,Scab
Scab/Sc265.jpg,Scab
Scab/Sc266.jpg,Scab
Scab/Sc267.jpg,Scab
Scab/Sc268.jpg,Scab
Scab/Sc269.jpg,Scab
Scab/Sc27.jpg,Scab
Scab/Sc270.jpg,Scab
Scab/Sc271.jpg,Scab
Scab/Sc272.jpg,Scab
Scab/Sc273.jpg,Scab
Scab/Sc274.jpg,Scab
Scab/Sc275.jpg,Scab
Scab/Sc276.jpg,Scab
Scab/Sc277.jpg,Scab
Scab/Sc278.jpg,Scab
Scab/Sc279.jpg,Scab
Scab/Sc28.jpg,Scab
Scab/Sc280.jpg,Scab
Scab/Sc281.jpg,Scab
Scab/Sc282.jpg,Scab
Scab/Sc283.jpg,Scab
Scab/Sc284.jpg,Scab
Scab/Sc285.jpg,Scab
Scab/Sc286.jpg,Scab
Scab/Sc287.jpg,Scab
Scab/Sc288.jpg,Scab
Scab/Sc289.jpg,Scab
Scab/Sc29.jpg,Scab
Scab/Sc290.jpg,Scab
Scab/Sc291.jpg,Scab
Scab/Sc292.jpg,Scab
Scab/Sc293.jpg,Scab
Scab/Sc294.jpg,Scab
Scab/Sc295.jpg,Scab
Scab/Sc296.jpg,Scab
Scab/Sc297.jpg,Scab
Scab/Sc298.jpg,Scab
Scab/Sc299.jpg,Scab
Scab/Sc3.jpg,Scab
Scab/Sc30.jpg,Scab
Scab/Sc300.jpg,Scab
Scab/Sc31.jpg,Scab
Scab/Sc32.jpg,Scab
Scab/Sc33.jpg,Scab
Scab/Sc34.jpg,Scab
Scab/Sc35.jpg,Scab
Scab/Sc36.jpg,Scab
Scab/Sc37.jpg,Scab
Scab/Sc38.jpg,Scab
Scab/Sc39.jpg,Scab
Scab/Sc4.jpg,Scab
Scab/Sc40.jpg,Scab
Scab/Sc41.jpg,Scab
Scab/Sc42.jpg,Scab
Scab/Sc43.jpg,Scab
Scab/Sc44.jpg,Scab
Scab/Sc45.jpg,Scab
Scab/Sc46.jpg,Scab
Scab/Sc47.jpg,Scab
Scab/Sc48.jpg,Scab
Scab/Sc49.jpg,Scab
Scab/Sc5.jpg,Scab
Scab/Sc50.jpg,Scab
Scab/Sc51.jpg,Scab
Scab/Sc52.jpg,Scab
Scab/Sc53.jpg,Scab
Scab/Sc54.jpg,Scab
Scab/Sc55.jpg,Scab
Scab/Sc56.jpg,Scab
Scab/Sc57.jpg,Scab
Scab/Sc58.jpg,Scab
Scab/Sc59.jpg,Scab
Scab/Sc6.jpg,Scab
Scab/Sc60.jpg,Scab
Scab/Sc61.jpg,Scab
Scab/Sc62.jpg,Scab
Scab/Sc63.jpg,Scab
Scab/Sc64.jpg,Scab
Scab/Sc65.jpg,Scab
Scab/Sc66.jpg,Scab
Scab/Sc67.jpg,Scab
Scab/Sc68.jpg,Scab
Scab/Sc69.jpg,Scab
Scab/Sc7.jpg,Scab
Scab/Sc70.jpg,Scab
Scab/Sc71.jpg,Scab
Scab/Sc72.jpg,Scab
Scab/Sc73.jpg,Scab
Scab/Sc74.jpg,Scab
Scab/Sc75.jpg,Scab
Scab/Sc76.jpg,Scab
Scab/Sc77.jpg,Scab
Scab/Sc78.jpg,Scab
Scab/Sc79.jpg,Scab
Scab/Sc8.jpg,Scab
Scab/Sc80.jpg,Scab
Scab/Sc81.jpg,Scab
Scab/Sc82.jpg,Scab
Scab/Sc83.jpg,Scab
Scab/Sc84.jpg,Scab
Scab/Sc85.jpg,Scab
Scab/Sc86.jpg,Scab
Scab/Sc87.jpg,Scab
Scab/Sc88.jpg,Scab
Scab/Sc89.jpg,Scab
Scab/Sc9.jpg,Scab
Scab/Sc90.jpg,Scab
Scab/Sc91.jpg,Scab
Scab/Sc92.jpg,Scab
Scab/Sc93.jpg,Scab
Scab/Sc94.jpg,Scab
Scab/Sc95.jpg,Scab
Scab/Sc96.jpg,Scab
Scab/Sc97.jpg,Scab
Scab/Sc98.jpg,Scab
Scab/Sc99.jpg,Scab
Stem End Rot/Se1.jpg,Stem End Rot
Stem End Rot/Se10.jpg,Stem End Rot
Stem End Rot/Se100.jpg,Stem End Rot
Stem End Rot/Se101.jpg,Stem End Rot
Stem End Rot/Se102.jpg,Stem End Rot
Stem End Rot/Se103.jpg,Stem End Rot
Stem End Rot/Se104.jpg,Stem End Rot
Stem End Rot/Se105.jpg,Stem End Rot
Stem End Rot/Se106.jpg,Stem End Rot
Stem End Rot/Se107.jpg,Stem End Rot
Stem End Rot/Se108.jpg,Stem End Rot
Stem End Rot/Se109.jpg,Stem End Rot
Stem End Rot/Se11.jpg,Stem End Rot
Stem End Rot/Se110.jpg,Stem End Rot
Stem End Rot/Se111.jpg,Stem End Rot
Stem End Rot/Se112.jpg,Stem End Rot
Stem End Rot/Se113.jpg,Stem End Rot
Stem End Rot/Se114.jpg,Stem End Rot
Stem End Rot/Se115.jpg,Stem End Rot
Stem End Rot/Se116.jpg,Stem End Rot
Stem End Rot/Se117.jpg,Stem End Rot
Stem End Rot/Se118.jpg,Stem End Rot
Stem End Rot/Se119.jpg,Stem End Rot
Stem End Rot/Se12.jpg,Stem End Rot
Stem End Rot/Se120.jpg,Stem End Rot
Stem End Rot/Se121.jpg,Stem End Rot
Stem End Rot/Se122.jpg,Stem End Rot
Stem End Rot/Se123.jpg,Stem End Rot
Stem End Rot/Se124.jpg,Stem End Rot
Stem End Rot/Se125.jpg,Stem End Rot
Stem End Rot/Se126.jpg,Stem End Rot
Stem End Rot/Se127.jpg,Stem End Rot
Stem End Rot/Se128.jpg,Stem End Rot
Stem End Rot/Se129.jpg,Stem End Rot
Stem End Rot/Se13.jpg,Stem End Rot
Stem End Rot/Se130.jpg,Stem End Rot
Stem End Rot/Se131.jpg,Stem End Rot
Stem End Rot/Se132.jpg,Stem End Rot
Stem End Rot/Se133.jpg,Stem End Rot
Stem End Rot/Se134.jpg,Stem End Rot
Stem End Rot/Se135.jpg,Stem End Rot
Stem End Rot/Se136.jpg,Stem End Rot
Stem End Rot/Se137.jpg,Stem End Rot
Stem End Rot/Se138.jpg,Stem End Rot
Stem End Rot/Se139.jpg,Stem End Rot
Stem End Rot/Se14.jpg,Stem End Rot
Stem End Rot/Se140.jpg,Stem End Rot
Stem End Rot/Se141.jpg,Stem End Rot
Stem End Rot/Se142.jpg,Stem End Rot
Stem End Rot/Se143.jpg,Stem End Rot
Stem End Rot/Se144.jpg,Stem End Rot
Stem End Rot/Se145.jpg,Stem End Rot
Stem End Rot/Se146.jpg,Stem End Rot
Stem End Rot/Se147.jpg,Stem End Rot
Stem End Rot/Se148.jpg,Stem End Rot
Stem End Rot/Se149.jpg,Stem End Rot
Stem End Rot/Se15.jpg,Stem End Rot
Stem End Rot/Se150.jpg,Stem End Rot
Stem End Rot/Se151.jpg,Stem End Rot
Stem End Rot/Se152.jpg,Stem End Rot
Stem End Rot/Se153.jpg,Stem End Rot
Stem End Rot/Se154.jpg,Stem End Rot
Stem End Rot/Se155.jpg,Stem End Rot
Stem End Rot/Se156.jpg,Stem End Rot
Stem End Rot/Se157.jpg,Stem End Rot
Stem End Rot/Se158.jpg,Stem End Rot
Stem End Rot/Se159.jpg,Stem End Rot
Stem End Rot/Se16.jpg,Stem End Rot
Stem End Rot/Se160.jpg,Stem End Rot
Stem End Rot/Se161.jpg,Stem End Rot
Stem End Rot/Se162.jpg,Stem End Rot
Stem End Rot/Se163.jpg,Stem End Rot
Stem End Rot/Se164.jpg,Stem End Rot
Stem End Rot/Se165.jpg,Stem End Rot
Stem End Rot/Se166.jpg,Stem End Rot
Stem End Rot/Se167.jpg,Stem End Rot
Stem End Rot/Se168.jpg,Stem End Rot
Stem End Rot/Se169.jpg,Stem End Rot
Stem End Rot/Se17.jpg,Stem End Rot
Stem End Rot/Se170.jpg,Stem End Rot
Stem End Rot/Se171.jpg,Stem End Rot
Stem End Rot/Se172.jpg,Stem End Rot
Stem End Rot/Se173.jpg,Stem End Rot
Stem End Rot/Se174.jpg,Stem End Rot
Stem End Rot/Se175.jpg,Stem End Rot
Stem End Rot/Se176.jpg,Stem End Rot
Stem End Rot/Se177.jpg,Stem End Rot
Stem End Rot/Se178.jpg,Stem End Rot
Stem End Rot/Se179.jpg,Stem End Rot
Stem End Rot/Se18.jpg,Stem End Rot
Stem End Rot/Se180.jpg,Stem End Rot
Stem End Rot/Se181.jpg,Stem End Rot
Stem End Rot/Se182.jpg,Stem End Rot
Stem End Rot/Se183.jpg,Stem End Rot
Stem End Rot/Se184.jpg,Stem End Rot
Stem End Rot/Se185.jpg,Stem End Rot
Stem End Rot/Se186.jpg,Stem End Rot
Stem End Rot/Se187.jpg,Stem End Rot
Stem End Rot/Se188.jpg,Stem End Rot
Stem End Rot/Se189.jpg,Stem End Rot
Stem End Rot/Se19.jpg,Stem End Rot
Stem End Rot/Se190.jpg,Stem End Rot
Stem End Rot/Se191.jpg,Stem End Rot
Stem End Rot/Se192.jpg,Stem End Rot
Stem End Rot/Se193.jpg,Stem End Rot
Stem End Rot/Se194.jpg,Stem End Rot
Stem End Rot/Se195.jpg,Stem End Rot
Stem End Rot/Se196.jpg,Stem End Rot
Stem End Rot/Se197.jpg,Stem End Rot
Stem End Rot/Se198.jpg,Stem End Rot
Stem End Rot/Se199.jpg,Stem End Rot
Stem End Rot/Se2.jpg,Stem End Rot
Stem End Rot/Se20.jpg,Stem End Rot
Stem End Rot/Se200.jpg,Stem End Rot
Stem End Rot/Se201.jpg,Stem End Rot
Stem End Rot/Se202.jpg,Stem End Rot
Stem End Rot/Se203.jpg,Stem End Rot
Stem End Rot/Se204.jpg,Stem End Rot
Stem End Rot/Se205.jpg,Stem End Rot
Stem End Rot/Se206.jpg,Stem End Rot
Stem End Rot/Se207.jpg,Stem End Rot
Stem End Rot/Se208.jpg,Stem End Rot
Stem End Rot/Se209.jpg,Stem End Rot
Stem End Rot/Se21.jpg,Stem End Rot
Stem End Rot/Se210.jpg,Stem End Rot
Stem End Rot/Se211.jpg,Stem End Rot
Stem End Rot/Se212.jpg,Stem End Rot
Stem End Rot/Se213.jpg,Stem End Rot
Stem End Rot/Se214.jpg,Stem End Rot
Stem End Rot/Se215.jpg,Stem End Rot
Stem End Rot/Se216.jpg,Stem End Rot
Stem End Rot/Se217.jpg,Stem End Rot
Stem End Rot/Se218.jpg,Stem End Rot
Stem End Rot/Se219.jpg,Stem End Rot
Stem End Rot/Se22.jpg,Stem End Rot
Stem End Rot/Se220.jpg,Stem End Rot
Stem End Rot/Se221.jpg,Stem End Rot
Stem End Rot/Se222.jpg,Stem End Rot
Stem End Rot/Se223.jpg,Stem End Rot
Stem End Rot/Se224.jpg,Stem End Rot
Stem End Rot/Se225.jpg,Stem End Rot
Stem End Rot/Se226.jpg,Stem End Rot
Stem End Rot/Se227.jpg,Stem End Rot
Stem End Rot/Se228.jpg,Stem End Rot
Stem End Rot/Se229.jpg,Stem End Rot
Stem End Rot/Se23.jpg,Stem End Rot
Stem End Rot/Se230.jpg,Stem End Rot
Stem End Rot/Se231.jpg,Stem End Rot
Stem End Rot/Se232.jpg,Stem End Rot
Stem End Rot/Se233.jpg,Stem End Rot
Stem End Rot/Se234.jpg,Stem End Rot
Stem End Rot/Se235.jpg,Stem End Rot
Stem End Rot/Se236.jpg,Stem End Rot
Stem End Rot/Se237.jpg,Stem End Rot
Stem End Rot/Se238.jpg,Stem End Rot
Stem End Rot/Se239.jpg,Stem End Rot
Stem End Rot/Se24.jpg,Stem End Rot
Stem End Rot/Se240.jpg,Stem End Rot
Stem End Rot/Se241.jpg,Stem End Rot
Stem End Rot/Se242.jpg,Stem End Rot
Stem End Rot/Se243.jpg,Stem End Rot
Stem End Rot/Se244.jpg,Stem End Rot
Stem End Rot/Se245.jpg,Stem End Rot
Stem End Rot/Se246.jpg,Stem End Rot
Stem End Rot/Se247.jpg,Stem End Rot
Stem End Rot/Se248.jpg,Stem End Rot
Stem End Rot/Se249.jpg,Stem End Rot
Stem End Rot/Se25.jpg,Stem End Rot
Stem End Rot/Se250.jpg,Stem End Rot
Stem End Rot/Se251.jpg,Stem End Rot
Stem End Rot/Se252.jpg,Stem End Rot
Stem End Rot/Se253.jpg,Stem End Rot
Stem End Rot/Se254.jpg,Stem End Rot
Stem End Rot/Se255.jpg,Stem End Rot
Stem End Rot/Se256.jpg,Stem End Rot
Stem End Rot/Se257.jpg,Stem End Rot
Stem End Rot/Se258.jpg,Stem End Rot
Stem End Rot/Se259.jpg,Stem End Rot
Stem End Rot/Se26.jpg,Stem End Rot
Stem End Rot/Se260.jpg,Stem End Rot
Stem End Rot/Se261.jpg,Stem End Rot
Stem End Rot/Se262.jpg,Stem End Rot
Stem End Rot/Se263.jpg,Stem End Rot
Stem End Rot/Se264.jpg,Stem End Rot
Stem End Rot/Se265.jpg,Stem End Rot
Stem End Rot/Se266.jpg,Stem End Rot
Stem End Rot/Se267.jpg,Stem End Rot
Stem End Rot/Se268.jpg,Stem End Rot
Stem End Rot/Se269.jpg,Stem End Rot
Stem End Rot/Se27.jpg,Stem End Rot
Stem End Rot/Se270.jpg,Stem End Rot
Stem End Rot/Se271.jpg,Stem End Rot
Stem End Rot/Se272.jpg,Stem End Rot
Stem End Rot/Se273.jpg,Stem End Rot
Stem End Rot/Se274.jpg,Stem End Rot
Stem End Rot/Se275.jpg,Stem End Rot
Stem End Rot/Se276.jpg,Stem End Rot
Stem End Rot/Se277.jpg,Stem End Rot
Stem End Rot/Se278.jpg,Stem End Rot
Stem End Rot/Se279.jpg,Stem End Rot
Stem End Rot/Se28.jpg,Stem End Rot
Stem End Rot/Se280.jpg,Stem End Rot
Stem End Rot/Se281.jpg,Stem End Rot
Stem End Rot/Se282.jpg,Stem End Rot
Stem End Rot/Se283.jpg,Stem End Rot
Stem End Rot/Se284.jpg,Stem End Rot
Stem End Rot/Se285.jpg,Stem End Rot
Stem End Rot/Se286.jpg,Stem End Rot
Stem End Rot/Se287.jpg,Stem End Rot
Stem End Rot/Se288.jpg,Stem End Rot
Stem End Rot/Se289.jpg,Stem End Rot
Stem End Rot/Se29.jpg,Stem End Rot
Stem End Rot/Se290.jpg,Stem End Rot
Stem End Rot/Se291.jpg,Stem End Rot
Stem End Rot/Se292.jpg,Stem End Rot
Stem End Rot/Se293.jpg,Stem End Rot
Stem End Rot/Se294.jpg,Stem End Rot
Stem End Rot/Se295.jpg,Stem End Rot
Stem End Rot/Se296.jpg,Stem End Rot
Stem End Rot/Se297.jpg,Stem End Rot
Stem End Rot/Se298.jpg,Stem End Rot
Stem End Rot/Se299.jpg,Stem End Rot
Stem End Rot/Se3.jpg,Stem End Rot
Stem End Rot/Se30.jpg,Stem End Rot
Stem End Rot/Se300.jpg,Stem End Rot
Stem End Rot/Se31.jpg,Stem End Rot
Stem End Rot/Se32.jpg,Stem End Rot
Stem End Rot/Se33.jpg,Stem End Rot
Stem End Rot/Se34.jpg,Stem End Rot
Stem End Rot/Se35.jpg,Stem End Rot
Stem End Rot/Se36.jpg,Stem End Rot
Stem End Rot/Se37.jpg,Stem End Rot
Stem End Rot/Se38.jpg,Stem End Rot
Stem End Rot/Se39.jpg,Stem End Rot
Stem End Rot/Se4.jpg,Stem End Rot
Stem End Rot/Se40.jpg,Stem End Rot
Stem End Rot/Se41.jpg,Stem End Rot
Stem End Rot/Se42.jpg,Stem End Rot
Stem End Rot/Se43.jpg,Stem End Rot
Stem End Rot/Se44.jpg,Stem End Rot
Stem End Rot/Se45.jpg,Stem End Rot
Stem End Rot/Se46.jpg,Stem End Rot
Stem End Rot/Se47.jpg,Stem End Rot
Stem End Rot/Se48.jpg,Stem End Rot
Stem End Rot/Se49.jpg,Stem End Rot
Stem End Rot/Se5.jpg,Stem End Rot
Stem End Rot/Se50.jpg,Stem End Rot
Stem End Rot/Se51.jpg,Stem End Rot
Stem End Rot/Se52.jpg,Stem End Rot
Stem End Rot/Se53.jpg,Stem End Rot
Stem End Rot/Se54.jpg,Stem End Rot
Stem End Rot/Se55.jpg,Stem End Rot
Stem End Rot/Se56.jpg,Stem End Rot
Stem End Rot/Se57.jpg,Stem End Rot
Stem End Rot/Se58.jpg,Stem End Rot
Stem End Rot/Se59.jpg,Stem End Rot
Stem End Rot/Se6.jpg,Stem End Rot
Stem End Rot/Se60.jpg,Stem End Rot
Stem End Rot/Se61.jpg,Stem End Rot
Stem End Rot/Se62.jpg,Stem End Rot
Stem End Rot/Se63.jpg,Stem End Rot
Stem End Rot/Se64.jpg,Stem End Rot
Stem End Rot/Se65.jpg,Stem End Rot
Stem End Rot/Se66.jpg,Stem End Rot
Stem End Rot/Se67.jpg,Stem End Rot
Stem End Rot/Se68.jpg,Stem End Rot
Stem End Rot/Se69.jpg,Stem End Rot
Stem End Rot/Se7.jpg,Stem End Rot
Stem End Rot/Se70.jpg,Stem End Rot
Stem End Rot/Se71.jpg,Stem End Rot
Stem End Rot/Se72.jpg,Stem End Rot
Stem End Rot/Se73.jpg,Stem End Rot
Stem End Rot/Se74.jpg,Stem End Rot
Stem End Rot/Se75.jpg,Stem End Rot
Stem End Rot/Se76.jpg,Stem End Rot
Stem End Rot/Se77.jpg,Stem End Rot
Stem End Rot/Se78.jpg,Stem End Rot
Stem End Rot/Se79.jpg,Stem End Rot
Stem End Rot/Se8.jpg,Stem End Rot
Stem End Rot/Se80.jpg,Stem End Rot
Stem End Rot/Se81.jpg,Stem End Rot
Stem End Rot/Se82.jpg,Stem End Rot
Stem End Rot/Se83.jpg,Stem End Rot
Stem End Rot/Se84.jpg,Stem End Rot
Stem End Rot/Se85.jpg,Stem End Rot
Stem End Rot/Se86.jpg,Stem End Rot
Stem End Rot/Se87.jpg,Stem End Rot
Stem End Rot/Se88.jpg,Stem End Rot
Stem End Rot/Se89.jpg,Stem End Rot
Stem End Rot/Se9.jpg,Stem End Rot
Stem End Rot/Se90.jpg,Stem End Rot
Stem End Rot/Se91.jpg,Stem End Rot
Stem End Rot/Se92.jpg,Stem End Rot
Stem End Rot/Se93.jpg,Stem End Rot
Stem End Rot/Se94.jpg,Stem End Rot
Stem End Rot/Se95.jpg,Stem End Rot
Stem End Rot/Se96.jpg,Stem End Rot
Stem End Rot/Se97.jpg,Stem End Rot
Stem End Rot/Se98.jpg,Stem End Rot
Stem End Rot/Se99.jpg,Stem End Rot
